<application>
  <component name="ConsoleFoldingSettings">
    <option name="addedPositive">
      <list>
        <option value="&quot;-javaagent:D:\Program Files\JetBrains\IntelliJ IDEA 2018.2\lib\idea_rt.jar=49545:D:\Program Files\JetBrains\IntelliJ IDEA 2018.2\bin&quot; -Dfile.encoding=UTF-8 -classpath D:\Projects\AliFace\ali\target\classes;C:\Users\ORZ\.m2\repository\com\google\guava\guava\26.0-jre\guava-26.0-jre.jar;C:\Users\ORZ\.m2\repository\com\google\code\findbugs\jsr305\3.0.2\jsr305-3.0.2.jar;C:\Users\ORZ\.m2\repository\org\checkerframework\checker-qual\2.5.2\checker-qual-2.5.2.jar;C:\Users\ORZ\.m2\repository\com\google\errorprone\error_prone_annotations\2.1.3\error_prone_annotations-2.1.3.jar;C:\Users\ORZ\.m2\repository\com\google\j2objc\j2objc-annotations\1.1\j2objc-annotations-1.1.jar;C:\Users\ORZ\.m2\repository\org\codehaus\mojo\animal-sniffer-annotations\1.14\animal-sniffer-annotations-1.14.jar Main" />
        <option value="&quot;C:\Program Files\Java\jdk-9.0.4\bin\java.exe&quot; &quot;-javaagent:D:\Program Files\JetBrains\IntelliJ IDEA 2018.2\lib\idea_rt.jar=49545:D:\Program Files\JetBrains\IntelliJ IDEA 2018.2\bin&quot; -Dfile.encoding=UTF-8 -classpath D:\Projects\AliFace\ali\target\classes;C:\Users\ORZ\.m2\repository\com\google\guava\guava\26.0-jre\guava-26.0-jre.jar;C:\Users\ORZ\.m2\repository\com\google\code\findbugs\jsr305\3.0.2\jsr305-3.0.2.jar;C:\Users\ORZ\.m2\repository\org\checkerframework\checker-qual\2.5.2\checker-qual-2.5.2.jar;C:\Users\ORZ\.m2\repository\com\google\errorprone\error_prone_annotations\2.1.3\error_prone_annotations-2.1.3.jar;C:\Users\ORZ\.m2\repository\com\google\j2objc\j2objc-annotations\1.1\j2objc-annotations-1.1.jar;C:\Users\ORZ\.m2\repository\org\codehaus\mojo\animal-sniffer-annotations\1.14\animal-sniffer-annotations-1.14.jar Main" />
        <option value="&quot;C:\Program Files\Java\jdk-9.0.4\bin\java.exe&quot; -Dmaven.multiModuleProjectDirectory=D:\Projects\deva &quot;-Dmaven.home=D:\Program Files\JetBrains\IntelliJ IDEA 2018.2\plugins\maven\lib\maven3&quot; &quot;-Dclassworlds.conf=D:\Program Files\JetBrains\IntelliJ IDEA 2018.2\plugins\maven\lib\maven3\bin\m2.conf&quot; &quot;-javaagent:D:\Program Files\JetBrains\IntelliJ IDEA 2018.2\lib\idea_rt.jar=55912:D:\Program Files\JetBrains\IntelliJ IDEA 2018.2\bin&quot; -Dfile.encoding=UTF-8 -classpath &quot;D:\Program Files\JetBrains\IntelliJ IDEA 2018.2\plugins\maven\lib\maven3\boot\plexus-classworlds-2.5.2.jar&quot; org.codehaus.classworlds.Launcher -Didea.version=2018.2.1 mybatis-generator:generate -e" />
      </list>
    </option>
  </component>
</application>