<keymap version="1" name="Eclipse copy" parent="Eclipse">
  <action id="CompileDirty">
    <keyboard-shortcut first-keystroke="ctrl f9" />
  </action>
  <action id="MakeGradleProject">
    <keyboard-shortcut first-keystroke="ctrl f9" />
  </action>
  <action id="RenameElement">
    <keyboard-shortcut first-keystroke="shift alt r" />
    <keyboard-shortcut first-keystroke="ctrl r" />
  </action>
  <action id="Run">
    <keyboard-shortcut first-keystroke="shift alt x" />
    <keyboard-shortcut first-keystroke="shift f10" />
    <keyboard-shortcut first-keystroke="ctrl b" />
  </action>
  <action id="RunToCursor" />
</keymap>