<application>
  <component name="VueWebTypesRegistry">
    <package name="@web-types/bootstrap-vue">
      <version value="2.0.0-rc.24.1" url="https://registry.npmjs.org/@web-types/bootstrap-vue/-/bootstrap-vue-2.0.0-rc.24.1.tgz" />
      <version value="2.0.0-rc.23.1" url="https://registry.npmjs.org/@web-types/bootstrap-vue/-/bootstrap-vue-2.0.0-rc.23.1.tgz" />
      <version value="2.0.0-rc.22.1" url="https://registry.npmjs.org/@web-types/bootstrap-vue/-/bootstrap-vue-2.0.0-rc.22.1.tgz" />
      <version value="2.0.0-rc.21.1" url="https://registry.npmjs.org/@web-types/bootstrap-vue/-/bootstrap-vue-2.0.0-rc.21.1.tgz" />
      <version value="2.0.0-rc.20.1" url="https://registry.npmjs.org/@web-types/bootstrap-vue/-/bootstrap-vue-2.0.0-rc.20.1.tgz" />
      <version value="2.0.0-rc.0.1" url="https://registry.npmjs.org/@web-types/bootstrap-vue/-/bootstrap-vue-2.0.0-rc.0.1.tgz" />
      <version value="1.5.0-1" url="https://registry.npmjs.org/@web-types/bootstrap-vue/-/bootstrap-vue-1.5.0-1.tgz" />
      <version value="1.4.0-1" url="https://registry.npmjs.org/@web-types/bootstrap-vue/-/bootstrap-vue-1.4.0-1.tgz" />
      <version value="1.3.0-1" url="https://registry.npmjs.org/@web-types/bootstrap-vue/-/bootstrap-vue-1.3.0-1.tgz" />
      <version value="1.2.0-1" url="https://registry.npmjs.org/@web-types/bootstrap-vue/-/bootstrap-vue-1.2.0-1.tgz" />
      <version value="1.1.0-1" url="https://registry.npmjs.org/@web-types/bootstrap-vue/-/bootstrap-vue-1.1.0-1.tgz" />
      <version value="1.0.2-1" url="https://registry.npmjs.org/@web-types/bootstrap-vue/-/bootstrap-vue-1.0.2-1.tgz" />
      <version value="1.0.1-1" url="https://registry.npmjs.org/@web-types/bootstrap-vue/-/bootstrap-vue-1.0.1-1.tgz" />
      <version value="1.0.0-1" url="https://registry.npmjs.org/@web-types/bootstrap-vue/-/bootstrap-vue-1.0.0-1.tgz" />
    </package>
    <package name="@web-types/quasar">
      <version value="1.0.0-rc.5.1" url="https://registry.npmjs.org/@web-types/quasar/-/quasar-1.0.0-rc.5.1.tgz" />
      <version value="1.0.0-rc.1.1" url="https://registry.npmjs.org/@web-types/quasar/-/quasar-1.0.0-rc.1.1.tgz" />
      <version value="1.0.0-beta.0.1" url="https://registry.npmjs.org/@web-types/quasar/-/quasar-1.0.0-beta.0.1.tgz" />
    </package>
    <package name="@web-types/quasar-framework">
      <version value="0.17.20-1" url="https://registry.npmjs.org/@web-types/quasar-framework/-/quasar-framework-0.17.20-1.tgz" />
      <version value="0.17.19-2" url="https://registry.npmjs.org/@web-types/quasar-framework/-/quasar-framework-0.17.19-2.tgz" />
      <version value="0.17.18-2" url="https://registry.npmjs.org/@web-types/quasar-framework/-/quasar-framework-0.17.18-2.tgz" />
      <version value="0.17.17-2" url="https://registry.npmjs.org/@web-types/quasar-framework/-/quasar-framework-0.17.17-2.tgz" />
      <version value="0.17.16-2" url="https://registry.npmjs.org/@web-types/quasar-framework/-/quasar-framework-0.17.16-2.tgz" />
      <version value="0.17.15-2" url="https://registry.npmjs.org/@web-types/quasar-framework/-/quasar-framework-0.17.15-2.tgz" />
      <version value="0.17.14-1" url="https://registry.npmjs.org/@web-types/quasar-framework/-/quasar-framework-0.17.14-1.tgz" />
      <version value="0.17.13-2" url="https://registry.npmjs.org/@web-types/quasar-framework/-/quasar-framework-0.17.13-2.tgz" />
      <version value="0.17.12-1" url="https://registry.npmjs.org/@web-types/quasar-framework/-/quasar-framework-0.17.12-1.tgz" />
      <version value="0.17.11-2" url="https://registry.npmjs.org/@web-types/quasar-framework/-/quasar-framework-0.17.11-2.tgz" />
      <version value="0.17.10-2" url="https://registry.npmjs.org/@web-types/quasar-framework/-/quasar-framework-0.17.10-2.tgz" />
      <version value="0.17.9-2" url="https://registry.npmjs.org/@web-types/quasar-framework/-/quasar-framework-0.17.9-2.tgz" />
      <version value="0.17.7-2" url="https://registry.npmjs.org/@web-types/quasar-framework/-/quasar-framework-0.17.7-2.tgz" />
      <version value="0.17.6-2" url="https://registry.npmjs.org/@web-types/quasar-framework/-/quasar-framework-0.17.6-2.tgz" />
      <version value="0.17.5-2" url="https://registry.npmjs.org/@web-types/quasar-framework/-/quasar-framework-0.17.5-2.tgz" />
      <version value="0.17.3-1" url="https://registry.npmjs.org/@web-types/quasar-framework/-/quasar-framework-0.17.3-1.tgz" />
      <version value="0.17.2-1" url="https://registry.npmjs.org/@web-types/quasar-framework/-/quasar-framework-0.17.2-1.tgz" />
      <version value="0.17.0-2" url="https://registry.npmjs.org/@web-types/quasar-framework/-/quasar-framework-0.17.0-2.tgz" />
    </package>
    <package name="@web-types/vue">
      <version value="2.5.0-1" url="https://registry.npmjs.org/@web-types/vue/-/vue-2.5.0-1.tgz" />
      <version value="2.2.0-1" url="https://registry.npmjs.org/@web-types/vue/-/vue-2.2.0-1.tgz" />
      <version value="2.1.8-1" url="https://registry.npmjs.org/@web-types/vue/-/vue-2.1.8-1.tgz" />
      <version value="2.1.0-1" url="https://registry.npmjs.org/@web-types/vue/-/vue-2.1.0-1.tgz" />
      <version value="2.0.0-1" url="https://registry.npmjs.org/@web-types/vue/-/vue-2.0.0-1.tgz" />
      <version value="1.0.0-1" url="https://registry.npmjs.org/@web-types/vue/-/vue-1.0.0-1.tgz" />
    </package>
    <package name="@web-types/vuetify">
      <version value="2.0.0-beta.3.1" url="https://registry.npmjs.org/@web-types/vuetify/-/vuetify-2.0.0-beta.3.1.tgz" />
      <version value="1.5.12-1" url="https://registry.npmjs.org/@web-types/vuetify/-/vuetify-1.5.12-1.tgz" />
      <version value="1.5.1-1" url="https://registry.npmjs.org/@web-types/vuetify/-/vuetify-1.5.1-1.tgz" />
      <version value="1.5.0-2" url="https://registry.npmjs.org/@web-types/vuetify/-/vuetify-1.5.0-2.tgz" />
      <version value="1.4.7-1" url="https://registry.npmjs.org/@web-types/vuetify/-/vuetify-1.4.7-1.tgz" />
      <version value="1.4.5-1" url="https://registry.npmjs.org/@web-types/vuetify/-/vuetify-1.4.5-1.tgz" />
      <version value="1.4.4-1" url="https://registry.npmjs.org/@web-types/vuetify/-/vuetify-1.4.4-1.tgz" />
      <version value="1.4.2-1" url="https://registry.npmjs.org/@web-types/vuetify/-/vuetify-1.4.2-1.tgz" />
      <version value="1.4.1-1" url="https://registry.npmjs.org/@web-types/vuetify/-/vuetify-1.4.1-1.tgz" />
      <version value="1.4.0-2" url="https://registry.npmjs.org/@web-types/vuetify/-/vuetify-1.4.0-2.tgz" />
      <version value="1.3.14-2" url="https://registry.npmjs.org/@web-types/vuetify/-/vuetify-1.3.14-2.tgz" />
      <version value="1.3.9-2" url="https://registry.npmjs.org/@web-types/vuetify/-/vuetify-1.3.9-2.tgz" />
      <version value="1.3.8-2" url="https://registry.npmjs.org/@web-types/vuetify/-/vuetify-1.3.8-2.tgz" />
      <version value="1.3.2-2" url="https://registry.npmjs.org/@web-types/vuetify/-/vuetify-1.3.2-2.tgz" />
      <version value="1.3.1-2" url="https://registry.npmjs.org/@web-types/vuetify/-/vuetify-1.3.1-2.tgz" />
      <version value="1.3.0-2" url="https://registry.npmjs.org/@web-types/vuetify/-/vuetify-1.3.0-2.tgz" />
      <version value="1.2.6-1" url="https://registry.npmjs.org/@web-types/vuetify/-/vuetify-1.2.6-1.tgz" />
      <version value="1.2.4-2" url="https://registry.npmjs.org/@web-types/vuetify/-/vuetify-1.2.4-2.tgz" />
      <version value="1.2.3-1" url="https://registry.npmjs.org/@web-types/vuetify/-/vuetify-1.2.3-1.tgz" />
      <version value="1.2.2-2" url="https://registry.npmjs.org/@web-types/vuetify/-/vuetify-1.2.2-2.tgz" />
      <version value="1.2.0-2" url="https://registry.npmjs.org/@web-types/vuetify/-/vuetify-1.2.0-2.tgz" />
      <version value="1.1.17-1" url="https://registry.npmjs.org/@web-types/vuetify/-/vuetify-1.1.17-1.tgz" />
      <version value="1.1.16-1" url="https://registry.npmjs.org/@web-types/vuetify/-/vuetify-1.1.16-1.tgz" />
      <version value="1.1.12-2" url="https://registry.npmjs.org/@web-types/vuetify/-/vuetify-1.1.12-2.tgz" />
      <version value="1.1.10-2" url="https://registry.npmjs.org/@web-types/vuetify/-/vuetify-1.1.10-2.tgz" />
      <version value="1.1.9-2" url="https://registry.npmjs.org/@web-types/vuetify/-/vuetify-1.1.9-2.tgz" />
      <version value="1.1.6-2" url="https://registry.npmjs.org/@web-types/vuetify/-/vuetify-1.1.6-2.tgz" />
      <version value="1.1.5-2" url="https://registry.npmjs.org/@web-types/vuetify/-/vuetify-1.1.5-2.tgz" />
      <version value="1.1.4-2" url="https://registry.npmjs.org/@web-types/vuetify/-/vuetify-1.1.4-2.tgz" />
      <version value="1.1.2-2" url="https://registry.npmjs.org/@web-types/vuetify/-/vuetify-1.1.2-2.tgz" />
      <version value="1.1.1-1" url="https://registry.npmjs.org/@web-types/vuetify/-/vuetify-1.1.1-1.tgz" />
      <version value="1.1.0-2" url="https://registry.npmjs.org/@web-types/vuetify/-/vuetify-1.1.0-2.tgz" />
      <version value="1.0.11-2" url="https://registry.npmjs.org/@web-types/vuetify/-/vuetify-1.0.11-2.tgz" />
      <version value="1.0.2-2" url="https://registry.npmjs.org/@web-types/vuetify/-/vuetify-1.0.2-2.tgz" />
      <version value="1.0.0-2" url="https://registry.npmjs.org/@web-types/vuetify/-/vuetify-1.0.0-2.tgz" />
      <version value="0.17.2-2" url="https://registry.npmjs.org/@web-types/vuetify/-/vuetify-0.17.2-2.tgz" />
      <version value="0.17.0-2" url="https://registry.npmjs.org/@web-types/vuetify/-/vuetify-0.17.0-2.tgz" />
      <version value="0.16.5-2" url="https://registry.npmjs.org/@web-types/vuetify/-/vuetify-0.16.5-2.tgz" />
      <version value="0.16.4-2" url="https://registry.npmjs.org/@web-types/vuetify/-/vuetify-0.16.4-2.tgz" />
      <version value="0.16.2-2" url="https://registry.npmjs.org/@web-types/vuetify/-/vuetify-0.16.2-2.tgz" />
      <version value="0.16.1-2" url="https://registry.npmjs.org/@web-types/vuetify/-/vuetify-0.16.1-2.tgz" />
    </package>
  </component>
</application>