<application>
  <component name="GeneralSettings">
    <option name="confirmExit" value="false" />
    <option name="confirmOpenNewProject2" value="0" />
    <option name="processCloseConfirmation" value="TERMINATE" />
    <option name="showTipsOnStartup" value="false" />
    <option name="useSafeWrite" value="false" />
  </component>
  <component name="Registry">
    <entry key="search.everywhere.settings" value="true" />
    <entry key="git.explicit.commit.renames.prohibit.multiple.calls" value="false" />
  </component>
</application>