<keymap version="1" name="Eclipse copy" parent="Eclipse">
  <action id="CompileDirty">
    <keyboard-shortcut first-keystroke="ctrl f9" />
  </action>
  <action id="Javascript.Linters.EsLint.Fix">
    <keyboard-shortcut first-keystroke="shift ctrl f" />
  </action>
  <action id="MakeGradleProject">
    <keyboard-shortcut first-keystroke="ctrl f9" />
  </action>
  <action id="ReformatCode">
    <keyboard-shortcut first-keystroke="ctrl alt l" />
  </action>
  <action id="RenameElement">
    <keyboard-shortcut first-keystroke="shift alt r" />
    <keyboard-shortcut first-keystroke="ctrl r" />
  </action>
  <action id="Run">
    <keyboard-shortcut first-keystroke="shift alt x" />
    <keyboard-shortcut first-keystroke="shift f10" />
    <keyboard-shortcut first-keystroke="ctrl b" />
  </action>
  <action id="RunToCursor" />
  <action id="Vcs.ReformatCommitMessage">
    <keyboard-shortcut first-keystroke="ctrl alt l" />
  </action>
</keymap>